batch_size,dropout,final_dense_dim,gamma,learning_rate,regularization_l2,rnn_dim,loss,accuracy,f1,f1_macro
32,0.2,25,1.0,0.0001,0.01,50,0.5879887938499451,0.48571428656578064,0.5083333253860474,0.3269230769230769
