batch_size,dropout,final_dense_dim,gamma,learning_rate,regularization_l2,rnn_dim,loss,accuracy,f1,f1_macro
32,0.2,25,0.0,0.0001,0.01,50,0.8790140151977539,0.7214285731315613,0.7249999642372131,0.7028571428571428
